ID,Name,Age,Country,Purchase_Amount,Date_of_Purchase,Feedback_Score
1,Anthony Garrett,77,Guadeloupe,389.57,2023-05-28,2
2,Mrs. Amanda Wilson MD,25,Congo,104.22,2023-08-06,6
3,Brandon Evans,52,Anguilla,482.3,2024-03-05,7
4,Lindsey Smith,34,Senegal,434.81,2024-12-11,2
5,Donna Robles,72,Morocco,265.95,2023-04-09,8
6,Francisco Garrett,51,Sudan,449.27,2023-04-12,6
7,Roberto Macias,21,Pakistan,125.13,2024-03-22,6
8,Mr. Jonathan Mendoza,19,Slovakia (Slovak Republic),469.43,2024-07-27,1
9,Matthew Tapia,69,Cambodia,139.12,2023-08-03,10
10,James Avila,39,Belarus,386.09,2023-08-26,3
11,Joel Roy,69,Slovakia (Slovak Republic),214.89,2024-07-30,6
12,Ashley Fitzgerald,48,Rwanda,104.5,2023-04-30,10
13,Destiny Grant,46,Zimbabwe,80.75,2024-01-31,2
14,Sara Woods,69,Ecuador,301.97,2024-06-27,7
15,James Williams,19,Antarctica (the territory South of 60 deg S),232.67,2023-04-25,4
16,Danielle Miller,61,Tajikistan,483.33,2023-05-28,3
17,Phillip Stone,34,Wallis and Futuna,472.52,2024-09-28,3
18,Nathaniel Kelly,57,United States of America,473.74,2023-09-03,4
19,Gary Reyes,77,French Southern Territories,324.16,2023-07-25,8
20,Angel Johnson,63,Congo,400.21,2023-12-09,4
21,Jessica Diaz,78,Tonga,369.8,2024-05-29,2
22,Philip Wells,48,Zambia,213.28,2023-02-08,10
23,Lori Sandoval,18,Germany,25.41,2024-12-23,3
24,William Mcdowell,68,San Marino,178.54,2023-07-10,6
25,Angela Garcia,36,Dominican Republic,130.25,2023-08-04,4
26,Rhonda Keller,30,Netherlands Antilles,155.44,2024-04-13,1
27,Elizabeth Bell,80,Burkina Faso,436.58,2023-04-28,1
28,Sara Davis,32,Rwanda,273.42,2024-10-15,4
29,Hannah Taylor,42,Saudi Arabia,194.94,2023-02-11,10
30,Sabrina Bowers,55,Nauru,267.31,2024-04-02,7
31,David Adams,24,France,359.6,2023-12-18,7
32,Heather Mitchell,19,Mexico,159.48,2023-08-05,6
33,Megan Murphy,48,Saint Pierre and Miquelon,446.7,2023-09-15,5
34,Ana Perez,22,Israel,131.86,2024-11-26,7
35,Denise Flores,72,Saint Helena,328.06,2024-09-20,3
36,Jennifer Lopez,67,Syrian Arab Republic,361.07,2023-05-08,1
37,Amanda Keller,50,Tajikistan,181.01,2023-07-28,5
38,Richard Clements,18,Bahamas,364.4,2023-06-09,5
39,Dawn Merritt,37,Bhutan,280.34,2023-03-17,4
40,Adam Nguyen,44,Greece,329.68,2023-10-02,4
41,Alexandra Lester,74,Niue,47.6,2024-11-09,4
42,Kim Fisher,53,Turks and Caicos Islands,194.79,2023-10-30,10
43,Tonya Craig,53,Vietnam,286.92,2024-04-17,1
44,Steven Martinez,40,Greenland,234.57,2023-12-09,3
45,Melissa Olsen,38,Gambia,285.94,2024-11-10,1
46,Jessica Gonzales,77,Pakistan,386.16,2023-08-22,1
47,Jennifer Fields DDS,66,Zambia,450.26,2024-08-04,7
48,Erica Robertson,19,Belarus,212.28,2024-01-25,4
49,Crystal Barry,35,Falkland Islands (Malvinas),274.42,2024-07-01,6
50,Christine Brown,19,Belgium,42.71,2024-07-31,6
51,Kent Bowman,60,Sao Tome and Principe,163.54,2024-09-06,5
52,Nathan Martin,35,French Southern Territories,162.92,2023-03-12,3
53,Katie Smith,72,Armenia,135.02,2024-12-10,3
54,Garrett English,39,Haiti,111.08,2023-11-05,10
55,Jonathan Pena,42,Hungary,421.8,2024-06-12,3
56,Robert Jenkins,76,Vanuatu,99.33,2023-06-03,3
57,Anthony Stevens,75,Nigeria,376.55,2023-12-27,6
58,Dr. James Ross DDS,30,Sri Lanka,94.41,2023-04-11,8
59,Jordan Hunt,33,Mexico,250.02,2023-05-28,8
60,Mr. William White,36,Comoros,109.64,2024-09-19,9
61,Wendy Reynolds,69,French Guiana,174.9,2025-01-13,3
62,Janet Murray,40,Svalbard & Jan Mayen Islands,339.58,2023-12-28,5
63,Lorraine Thomas,59,Tanzania,69.28,2024-07-03,6
64,Robert Gomez,50,Bhutan,75.81,2023-05-27,5
65,Carmen Duncan,30,United Arab Emirates,258.69,2023-10-30,2
66,Crystal Bennett,61,Kyrgyz Republic,340.14,2025-01-05,9
67,Marc Fox,44,Latvia,471.34,2024-12-30,10
68,Michael Gonzalez,48,United Kingdom,258.52,2024-07-01,4
69,Benjamin Hood,54,Montenegro,293.41,2023-06-27,7
70,Jerome James,18,France,137.11,2023-02-04,10
71,Charles Fowler,80,Guadeloupe,117.61,2023-11-03,8
72,David Hernandez,39,Korea,357.17,2024-06-27,10
73,Victoria Warren,54,Venezuela,402.33,2023-08-19,7
74,Gloria Hopkins,30,Guam,451.77,2023-01-25,4
75,Sonya Holmes,55,Nigeria,170.42,2024-12-13,1
76,Anne Perry,34,Ecuador,164.49,2023-11-22,8
77,Frank Kirk,23,Brazil,276.42,2024-06-12,1
78,Alexander Flores,70,Suriname,373.98,2023-01-25,9
79,Henry Myers,50,Saudi Arabia,328.02,2024-05-15,1
80,Lisa Long,53,Angola,196.19,2023-11-01,5
81,Stephen Gonzales,31,Anguilla,280.36,2023-07-03,7
82,Gregory Edwards,42,Guinea,239.71,2024-07-12,2
83,Laura Miller,36,Belize,34.15,2023-03-10,1
84,David Foley,35,Guadeloupe,85.62,2024-12-20,5
85,Nicole Price,25,Venezuela,97.3,2023-03-31,9
86,Donna Miller,45,Lesotho,316.01,2024-05-06,7
87,Taylor Collins,49,Nigeria,280.51,2023-11-23,1
88,Dylan Little,21,Russian Federation,465.61,2023-09-17,8
89,Patrick Smith,66,Macedonia,499.05,2023-02-05,3
90,James Gardner,20,Slovenia,375.88,2023-08-29,7
91,Christopher Wolfe,38,Lebanon,365.19,2024-04-07,1
92,Elizabeth Church,33,Bolivia,126.73,2023-12-18,6
93,David Smith,71,Vietnam,279.54,2023-07-16,3
94,Michael Pace,79,Wallis and Futuna,315.34,2024-12-07,3
95,Renee Vaughn,28,British Virgin Islands,477.36,2024-11-25,6
96,Anita Davis MD,70,South Georgia and the South Sandwich Islands,225.15,2024-03-28,6
97,Steven Brown,53,El Salvador,226.04,2024-03-16,10
98,Michelle Lee,71,Australia,10.0,2024-04-28,5
99,Megan Rhodes,37,Kyrgyz Republic,71.79,2024-02-27,9
100,Marissa Baker MD,36,Hong Kong,492.67,2024-11-28,8
101,Juan Jones,62,Guinea,437.1,2024-08-01,10
102,Mark Neal,24,Libyan Arab Jamahiriya,131.92,2024-07-06,8
103,Joel Moody,55,Samoa,469.35,2024-12-21,5
104,James Baker,71,Bahrain,79.16,2024-03-01,6
105,Jeff Mcfarland,67,Egypt,461.1,2024-01-10,4
106,Kimberly Baxter,66,Argentina,367.43,2023-02-08,10
107,Adrian Hernandez,27,Congo,435.17,2024-01-29,8
108,Jamie Dixon,67,Sweden,165.15,2023-07-12,2
109,Justin Hicks,57,Uzbekistan,213.67,2023-05-23,2
110,Stephanie Carlson,49,Slovenia,386.93,2024-06-21,9
111,Thomas Yu,57,Bahamas,463.17,2024-11-23,4
112,Paul Schultz,19,Latvia,14.49,2023-05-20,5
113,Amy Weeks,28,Norway,361.47,2024-05-04,9
114,Zachary Taylor,43,Somalia,183.34,2023-04-29,2
115,Jacob Green,53,Turkey,100.28,2024-01-19,8
116,Mariah Hanson,41,Lesotho,407.77,2024-03-21,3
117,Cynthia Wells,31,Angola,216.06,2023-11-14,5
118,Thomas Martinez,20,Bahamas,87.02,2024-09-26,9
119,Kristin Woods,32,Faroe Islands,88.89,2023-11-08,4
120,Joshua Shaw,19,Bouvet Island (Bouvetoya),246.85,2023-09-24,3
121,Crystal Miller,41,Turkmenistan,179.61,2023-09-26,6
122,Mario Martinez,63,India,303.07,2024-06-10,9
123,Heather Hartman,55,United States of America,495.55,2024-11-26,3
124,Hailey Craig,38,Malawi,412.73,2023-07-13,5
125,Andre Prince,44,Iraq,299.5,2024-04-08,5
126,Kimberly Johnson,36,Antigua and Barbuda,220.9,2024-11-23,3
127,Mark Thompson,18,Jersey,18.48,2024-06-07,3
128,Justin Gray,68,United Kingdom,217.19,2023-07-13,8
129,Priscilla Knight,42,Antarctica (the territory South of 60 deg S),459.13,2023-10-14,5
130,Elizabeth Gomez,23,Jamaica,263.14,2024-07-30,3
131,Jean Keller,25,Timor-Leste,258.5,2023-11-10,4
132,Benjamin Estrada,28,Cameroon,361.78,2024-09-29,1
133,James Brown,28,Georgia,128.6,2023-07-08,8
134,Robin Bennett,49,Palestinian Territory,48.04,2024-08-23,5
135,Faith Gonzalez,28,Suriname,216.1,2024-01-10,8
136,Christina Hamilton,35,Saint Vincent and the Grenadines,418.73,2024-11-05,5
137,Devin Hall,66,Israel,275.93,2024-11-24,9
138,Charles Walters,69,Cocos (Keeling) Islands,373.32,2024-06-16,5
139,April Leblanc,20,Belize,359.1,2024-05-04,4
140,Robert Hogan,41,Armenia,238.46,2024-08-24,7
141,Amber Hampton,80,Gambia,429.06,2024-12-06,5
142,David Richardson,38,Norfolk Island,25.74,2023-04-27,3
143,Mitchell Adams,40,Yemen,461.34,2023-07-06,10
144,Joshua Hayes,60,Montenegro,316.62,2024-12-08,9
145,Amanda Bauer,18,Zimbabwe,400.22,2023-08-31,2
146,Ms. Theresa Lee,33,Montserrat,85.65,2023-04-19,2
147,Amy Torres,57,Saint Helena,51.58,2024-12-30,6
148,Jacqueline Rivera,55,Ghana,210.27,2024-06-24,4
149,Nicole Elliott,67,United States Minor Outlying Islands,499.58,2024-12-09,9
150,Julie Finley,44,Malta,127.05,2024-07-25,3
151,Ashley Berger,46,Nepal,175.81,2023-04-10,5
152,Jerry Wood,56,Mauritius,457.39,2025-01-03,3
153,Michael Walsh,72,Canada,247.82,2024-10-07,10
154,Linda Oneill,25,Svalbard & Jan Mayen Islands,464.5,2023-01-25,4
155,Samuel Hubbard,59,Oman,46.79,2024-01-19,2
156,Henry Little,24,Congo,299.08,2023-04-12,8
157,Eric Coleman,54,Guernsey,184.32,2023-03-07,9
158,William Mayo,44,Swaziland,269.81,2024-01-04,8
159,Frances Cochran,53,Heard Island and McDonald Islands,242.9,2024-07-11,6
160,Donna Mcgrath,79,Saint Helena,445.3,2023-08-07,4
161,Maria Hernandez,31,Azerbaijan,39.44,2023-01-22,2
162,Ryan Lane,56,Jamaica,367.42,2024-08-26,7
163,Kim Williams,21,Guernsey,47.98,2024-03-14,6
164,Michael Ford,25,Kyrgyz Republic,329.37,2024-12-28,8
165,James Valenzuela,71,Malawi,497.5,2024-06-09,5
166,Mrs. Cynthia Davis DDS,63,Bosnia and Herzegovina,396.79,2024-09-19,7
167,Steven Holland,46,Dominica,147.85,2023-03-06,7
168,Richard Walters,57,Australia,55.7,2023-03-16,5
169,Breanna Byrd,40,Solomon Islands,86.65,2024-10-04,5
170,Samuel Maynard,27,Panama,65.03,2024-10-16,10
171,Samuel Reed,21,Palestinian Territory,132.51,2023-11-27,9
172,Phillip Crawford,38,Indonesia,428.21,2024-10-12,5
173,Michelle Davis,31,Cayman Islands,430.26,2023-08-12,10
174,Jennifer Ball,71,Syrian Arab Republic,219.92,2023-09-20,8
175,Phyllis Kim,32,Cook Islands,440.46,2023-12-26,9
176,Charles Dillon,38,Portugal,345.73,2025-01-15,8
177,Stephanie Hernandez,68,Nepal,441.42,2023-08-21,5
178,Gregory Howard,32,Russian Federation,310.98,2024-03-19,4
179,Karen Horne,71,British Indian Ocean Territory (Chagos Archipelago),188.87,2023-06-05,10
180,Mr. Gerald Morgan,77,Rwanda,63.52,2024-12-15,5
181,Jamie Roach,55,Thailand,137.34,2024-06-13,3
182,Antonio Odonnell,30,Iraq,259.83,2024-07-10,7
183,Anthony Burns,54,Burkina Faso,297.58,2024-01-27,2
184,Amber Harris,48,Uganda,118.21,2024-08-15,8
185,Christopher Dodson,50,Fiji,464.08,2024-11-03,1
186,Cory Kim,43,Latvia,189.87,2023-10-10,7
187,Kendra Ford,58,Eritrea,492.07,2024-10-14,6
188,Jesse Cruz,25,Spain,54.2,2024-11-30,1
189,Mary Bryan,29,Norfolk Island,245.94,2023-09-21,2
190,James Bond,70,Nigeria,101.31,2023-12-17,7
191,Joseph Arias,63,Djibouti,356.68,2023-04-23,8
192,Cristian Garcia,21,Australia,64.78,2024-10-08,3
193,Nicholas Tucker DDS,57,Luxembourg,40.94,2024-01-01,9
194,Denise Simmons,56,Israel,81.75,2023-06-25,4
195,Peter Horton,43,Tajikistan,92.01,2024-06-15,4
196,Wesley Solis,78,Mauritius,160.05,2024-09-24,1
197,Joseph Carter,20,Uganda,293.48,2023-10-24,2
198,Erin Mcdonald,78,Antigua and Barbuda,21.85,2023-07-28,7
199,Richard Park,75,Honduras,92.36,2023-05-30,2
200,Thomas Yoder,68,Seychelles,357.77,2024-02-01,3
201,Spencer Smith,49,Antigua and Barbuda,497.65,2024-09-15,8
202,Brian Petersen,61,Turks and Caicos Islands,78.56,2023-11-05,8
203,Lawrence Smith,57,Korea,192.76,2024-07-02,10
204,Timothy Lawson,34,Nicaragua,185.6,2023-08-08,3
205,Jessica Ross,75,Peru,308.79,2024-08-14,6
206,Carmen Dominguez,33,Guatemala,76.27,2024-06-04,4
207,Amy James,78,Latvia,443.36,2023-02-24,6
208,John Dominguez,33,Saudi Arabia,175.66,2023-03-09,8
209,Brendan Rice,77,Bahrain,454.51,2024-06-08,6
210,Ryan Nelson,44,Afghanistan,272.4,2024-08-17,7
211,Paul Rodriguez,36,Christmas Island,439.97,2024-08-01,1
212,Jaclyn Simon,24,Estonia,187.28,2024-06-06,6
213,Megan Lindsey,39,Cambodia,274.15,2023-04-01,2
214,Debra Wilson,75,Cuba,187.77,2024-08-09,8
215,Danielle Camacho,53,Cameroon,401.09,2024-11-09,5
216,Denise Contreras,40,Azerbaijan,395.48,2024-11-08,4
217,Sarah Ayala,72,Jersey,18.78,2024-10-17,10
218,Melissa Harrison,27,Aruba,105.05,2024-04-08,7
219,Nicholas Patterson,73,Belgium,204.17,2025-01-13,10
220,Todd Martin,61,Guinea-Bissau,471.67,2024-02-07,7
221,Daniel Lopez,45,Svalbard & Jan Mayen Islands,48.83,2024-12-19,3
222,Paul Wood,24,Zimbabwe,269.85,2024-09-27,1
223,Ricardo Olson,72,Falkland Islands (Malvinas),28.72,2024-01-22,3
224,Tiffany Pitts,22,Cambodia,371.61,2023-11-07,3
225,Joshua Smith,80,Micronesia,33.9,2023-10-14,9
226,Lindsey Young,71,Canada,16.78,2024-11-22,10
227,Kelly Lane,71,Tuvalu,27.74,2023-03-03,1
228,Jamie Potter,50,Belarus,322.95,2024-08-20,3
229,Donna Figueroa,74,Botswana,330.32,2023-10-20,2
230,Glenn Jimenez,57,Czech Republic,486.96,2024-05-18,10
231,Dawn Stevens,67,Bulgaria,121.38,2023-07-26,10
232,Karen Clark,31,Palau,12.56,2023-02-04,8
233,Michelle Bartlett,61,Ireland,210.43,2023-01-16,3
234,Joseph Moreno,64,Iraq,415.81,2023-12-29,8
235,Steven Valencia,40,Montserrat,351.95,2024-01-22,3
236,Robin Bentley,21,United States Virgin Islands,489.39,2023-01-21,5
237,Jerry Smith,44,Uganda,216.69,2024-11-09,1
238,Barbara Hicks,46,Antarctica (the territory South of 60 deg S),76.09,2023-04-25,5
239,Victoria Luna,26,Bouvet Island (Bouvetoya),222.97,2023-03-06,7
240,Jason Newton,32,Gabon,322.66,2024-04-29,8
241,Brandi Farley,77,Oman,439.28,2023-07-13,1
242,Janet Gutierrez,46,Ukraine,255.1,2023-11-10,10
243,Gail Dodson,47,Italy,248.17,2024-09-20,10
244,Melanie Santos,68,Guernsey,11.01,2025-01-01,3
245,Tricia Wilson,51,Canada,412.0,2023-07-28,4
246,Lisa Moore,35,Timor-Leste,482.1,2024-07-16,1
247,Briana Lopez,42,Japan,238.49,2024-10-05,10
248,Kathleen Roth,32,Dominican Republic,439.58,2023-02-03,3
249,Bob Proctor,26,Western Sahara,476.8,2023-10-15,2
250,Kevin Frye,18,Haiti,469.47,2024-08-02,3
251,Shawn Diaz,58,United Arab Emirates,405.09,2024-06-28,8
252,Wendy Leon,18,Zimbabwe,492.42,2024-11-01,8
253,Michael Gill,35,South Africa,50.2,2024-11-09,7
254,Dale Wilson,22,Martinique,31.64,2023-05-23,4
255,John Williams,69,Yemen,460.91,2024-01-17,4
256,Jessica Clark,39,Hungary,150.74,2025-01-14,1
257,Charles Sharp,19,Argentina,349.59,2023-04-27,10
258,Matthew Gallegos,78,Lithuania,267.05,2024-04-02,6
259,Julie Anderson DDS,32,Switzerland,145.16,2024-04-23,4
260,Lisa Holmes,39,Zambia,336.14,2024-05-19,2
261,Joe Berg,57,French Guiana,221.6,2024-06-15,1
262,Mary Smith,22,Cape Verde,175.35,2023-09-06,10
263,Roberto Fischer,73,Saint Helena,313.62,2023-03-26,4
264,Lauren Sparks,57,Korea,342.46,2023-03-15,9
265,Tony Salazar,71,Cyprus,195.82,2023-03-21,5
266,Alicia Larson,67,Slovakia (Slovak Republic),486.02,2023-09-30,2
267,Aaron Sanders,33,Tanzania,155.87,2024-09-28,4
268,James West,60,Finland,163.47,2023-04-14,3
269,Russell King,18,Lesotho,163.67,2024-09-27,3
270,Felicia Copeland,70,Haiti,38.9,2023-06-02,9
271,Pamela Rojas,62,Tajikistan,160.12,2024-03-27,10
272,Nathan Henry,32,Malaysia,319.33,2023-02-19,3
273,Jessica Khan,77,Jamaica,174.44,2024-02-28,7
274,Wendy Ramsey,56,United Arab Emirates,202.16,2023-12-23,6
275,Elizabeth Jacobson MD,38,South Africa,85.56,2025-01-15,7
276,Laurie Gutierrez,38,Egypt,455.41,2023-02-06,6
277,Norma Bailey,69,France,375.37,2023-01-30,1
278,Dylan Long,20,Tajikistan,451.86,2023-03-26,3
279,Jeffrey Cruz,35,Guatemala,129.92,2024-06-02,3
280,Linda Henderson,38,Romania,193.52,2023-10-16,10
281,Brandon Diaz,32,Jamaica,119.7,2023-05-15,2
282,Robert Wilson,43,Niger,270.15,2024-07-19,5
283,Tammy Jackson,27,Congo,203.67,2023-12-09,8
284,Shannon Giles,74,Serbia,307.03,2024-11-19,1
285,Jake Wolfe,24,Maldives,431.87,2025-01-04,6
286,Joel Lee,67,Romania,20.56,2023-05-11,6
287,Timothy Johnson,76,Monaco,385.67,2024-03-08,10
288,Amy Gregory,36,Qatar,140.01,2023-05-08,8
289,Alexander Bailey,25,Australia,390.38,2024-03-15,8
290,Allison Guerrero,47,Western Sahara,56.01,2023-12-23,6
291,Michael Ingram,31,Guinea,258.18,2023-11-14,4
292,Audrey Turner MD,51,Brazil,60.17,2024-02-26,2
293,David Ayala,55,Burundi,424.73,2024-03-18,7
294,William Ortiz DVM,21,Saint Vincent and the Grenadines,241.26,2023-11-21,7
295,Kathleen Osborne,80,Barbados,470.28,2024-07-03,7
296,Dawn Mcfarland,51,Cyprus,27.86,2024-03-17,6
297,Brian Moore,55,Central African Republic,173.19,2023-08-21,5
298,Lauren Bailey,54,Cote d'Ivoire,228.66,2023-01-16,9
299,Brian Bruce,51,United States of America,30.52,2023-02-01,9
300,Stephanie Potter,50,Martinique,160.25,2024-06-14,5
301,Jason Williams,60,Cuba,427.03,2023-07-21,5
302,Alicia Peters,52,Colombia,303.73,2023-11-18,8
303,Sarah Diaz,66,Gambia,233.59,2023-10-14,4
304,Mary Lewis,34,Russian Federation,407.09,2024-03-18,6
305,Tammy Simmons,68,Australia,486.52,2023-08-28,7
306,Carol Wilson,54,Isle of Man,425.04,2023-12-27,9
307,Nancy Barber,51,Cook Islands,171.9,2023-10-12,5
308,Thomas Ortega,31,Andorra,277.07,2024-07-28,9
309,Howard Ingram,33,Solomon Islands,434.08,2024-09-09,2
310,Sandra Humphrey,21,Slovakia (Slovak Republic),180.98,2023-08-13,7
311,Dustin Cooper,70,Korea,460.7,2023-09-19,9
312,Kenneth Cross,36,Andorra,317.73,2024-05-05,9
313,Robin King,27,Holy See (Vatican City State),210.19,2023-08-20,4
314,Paul King,35,Yemen,276.13,2023-07-07,5
315,Daniel Dennis,59,France,227.53,2023-10-16,2
316,Jason Young,45,Monaco,196.25,2023-06-04,9
317,Tiffany Pace,48,Madagascar,466.81,2023-06-23,9
318,Eric Matthews,39,Christmas Island,33.85,2023-09-16,1
319,Erin Thompson,54,United Arab Emirates,116.72,2023-06-24,7
320,Janet Vasquez,68,France,415.41,2023-06-27,2
321,Daniel Lynch,77,Egypt,40.87,2023-08-01,10
322,Martin Clark,71,Jersey,152.39,2023-10-09,5
323,Jackie Diaz,39,Taiwan,102.64,2023-03-05,5
324,Catherine Guzman,40,Israel,325.9,2024-11-13,5
325,Jeffrey Carter,52,Paraguay,77.84,2023-05-03,2
326,Nicole Johnson,43,Brunei Darussalam,319.33,2023-07-17,10
327,Katrina Holt,40,Paraguay,72.77,2023-02-28,6
328,Timothy Jones,21,Qatar,57.37,2023-05-05,2
329,Joseph Morris,57,Korea,261.73,2024-01-03,9
330,Justin Jackson,79,Falkland Islands (Malvinas),164.36,2023-10-03,7
331,Amber Brown,77,Cote d'Ivoire,484.93,2023-09-02,4
332,Amber Brown,55,Zimbabwe,220.31,2023-09-05,10
333,Joshua Silva,36,Jordan,446.93,2023-02-26,9
334,Charles Jenkins,61,Bolivia,32.13,2023-01-27,6
335,John Oliver,66,Northern Mariana Islands,214.78,2023-08-21,1
336,Tracy Carroll,43,Tajikistan,156.35,2024-10-06,5
337,Michael Aguilar,71,Estonia,401.24,2024-10-04,3
338,Dr. Nancy Holloway,21,Heard Island and McDonald Islands,16.25,2024-04-01,3
339,Kyle Robinson,71,Senegal,107.99,2023-11-14,2
340,Ray Mckenzie,41,Puerto Rico,207.8,2023-04-29,2
341,Matthew Moon,67,El Salvador,39.29,2024-09-29,10
342,Chris Zimmerman,49,Kyrgyz Republic,490.62,2024-10-22,4
343,Misty Sims DDS,70,Slovenia,269.68,2023-04-11,3
344,Mrs. Amanda Fletcher,43,Ghana,453.13,2023-10-21,7
345,Emma Rodgers,28,Gabon,59.01,2024-07-10,8
346,Micheal Shepherd,24,Panama,136.53,2023-07-28,10
347,Bradley Schultz,47,Kazakhstan,117.2,2024-09-14,8
348,Howard Hanna,34,British Virgin Islands,276.92,2024-06-21,5
349,Lauren Welch,29,Namibia,143.14,2024-03-29,5
350,Casey Cook,80,Montserrat,158.89,2023-07-30,10
351,Meghan Moore,52,Zambia,98.95,2023-09-12,1
352,Charlene Terrell,18,Australia,139.06,2023-07-22,10
353,Jessica Patel,72,Dominica,283.87,2024-02-11,9
354,Tyler Johnson,37,Netherlands Antilles,121.25,2024-10-02,2
355,Jerome Collins,62,United States Virgin Islands,43.46,2023-04-10,4
356,Larry Morgan Jr.,30,Mongolia,292.48,2023-07-12,5
357,Joseph Franklin,74,Heard Island and McDonald Islands,458.17,2024-12-03,10
358,Katie Davis,35,Estonia,427.7,2024-07-08,4
359,Vanessa Wise,26,Tonga,363.75,2024-12-30,7
360,Joseph Lawson,31,United Kingdom,438.95,2023-09-03,2
361,Maria Murphy,24,France,321.54,2023-05-26,10
362,Christopher Sanchez,36,Bahamas,283.44,2024-01-28,4
363,Erin Morales,20,United States of America,274.95,2023-05-10,3
364,Scott Mclaughlin,40,Nicaragua,331.79,2023-06-25,1
365,Thomas Walker,72,United Arab Emirates,427.83,2024-08-24,9
366,Claire Heath,37,Holy See (Vatican City State),220.88,2024-09-10,1
367,Jason Sanchez PhD,57,Iran,95.9,2024-11-08,10
368,David Lewis,68,Svalbard & Jan Mayen Islands,456.32,2024-03-10,3
369,Sylvia Horne,80,Anguilla,152.2,2023-10-03,2
370,Paul Long,64,Bhutan,375.99,2024-09-02,4
371,Michelle Jennings,40,Turks and Caicos Islands,421.62,2023-07-31,7
372,Aaron Morton,40,Mauritania,433.74,2023-04-14,10
373,Erin Stevens,55,Iceland,440.06,2024-11-22,3
374,Christian Patel,30,Northern Mariana Islands,45.74,2023-08-26,8
375,Lisa Rivera,27,Romania,277.21,2024-02-18,5
376,David Garcia,19,Canada,444.11,2023-10-11,10
377,Eric Gonzales,69,Heard Island and McDonald Islands,171.01,2024-08-10,5
378,Kayla Moyer,62,Burundi,60.08,2024-12-19,6
379,Jake Rodriguez,65,Zambia,458.67,2024-02-24,7
380,Jordan Johnson,53,Costa Rica,16.99,2024-05-26,6
381,Lisa Byrd,79,Pitcairn Islands,343.66,2024-04-24,9
382,Kenneth Ramos,70,Kazakhstan,171.17,2023-09-06,7
383,Daniel Chang,56,Monaco,309.23,2024-10-07,4
384,Crystal Jacobs,20,Singapore,165.5,2023-07-12,3
385,Samantha Smith,38,Panama,352.18,2023-05-17,2
386,Whitney Shannon,70,China,87.89,2024-10-28,7
387,James Hartman,59,Denmark,478.86,2024-03-10,5
388,Michael Barnes III,18,Romania,401.64,2024-10-04,9
389,Aaron Perry,55,Northern Mariana Islands,246.09,2023-12-11,8
390,Michael Obrien,63,Switzerland,462.64,2024-08-08,3
391,Andrew Wilkins II,53,Oman,118.86,2024-04-02,10
392,Ivan Smith,78,Lao People's Democratic Republic,185.01,2023-10-01,2
393,Mr. Nicholas Gonzales MD,75,Central African Republic,103.53,2024-04-13,10
394,Melinda Graham,32,Bermuda,283.07,2024-03-21,1
395,Bethany Mcdowell,33,Tunisia,181.1,2023-02-20,6
396,Martin Taylor,46,Monaco,185.2,2023-08-01,9
397,Jordan Mcbride,64,New Caledonia,337.22,2024-12-08,7
398,Michael Buck,53,India,122.14,2024-01-28,8
399,Thomas Hanson,38,Central African Republic,392.55,2024-10-29,3
400,Kelly Blair,19,Solomon Islands,25.85,2023-11-16,3
401,Gregory Smith,73,Malawi,202.71,2024-12-20,9
402,Julia Phillips,71,Turkmenistan,403.78,2024-06-08,7
403,Alexis Schroeder,68,Mauritius,321.88,2023-09-02,8
404,Alexander Ruiz,40,Palau,83.18,2023-05-27,3
405,Alexander Gray,30,Latvia,94.63,2024-04-23,5
406,Margaret Mendoza,80,Mayotte,330.92,2024-08-12,8
407,Christopher Johnson,37,French Southern Territories,344.62,2023-09-19,7
408,Renee Martinez,80,Myanmar,378.21,2023-03-18,3
409,April Jones,28,Argentina,464.87,2024-11-09,9
410,Tony Logan,73,Cote d'Ivoire,134.28,2023-04-22,7
411,Sabrina Hicks,56,Gabon,166.72,2024-10-01,8
412,Kyle Arnold,46,Turkey,179.37,2023-12-28,10
413,Christopher Romero,67,Antigua and Barbuda,153.41,2024-11-14,9
414,Taylor Gutierrez,48,Turkey,365.5,2023-09-03,7
415,Gregory Sanchez,27,Belize,473.71,2023-02-28,3
416,Eric Clark,40,Saint Helena,264.08,2024-01-15,4
417,Stephanie Jones,63,Italy,197.37,2023-04-13,2
418,Jon Clark,31,Chad,128.4,2023-07-14,6
419,Heather Smith,47,Kuwait,275.63,2023-09-08,3
420,Michael Holland,60,Zimbabwe,379.45,2024-08-22,9
421,Jose Schultz,50,Reunion,69.69,2023-05-29,9
422,Jessica Knight,28,Micronesia,393.96,2024-11-07,7
423,Stephen Williams,35,Nicaragua,58.38,2024-04-03,3
424,Carolyn Tanner,58,Lesotho,265.21,2024-12-28,10
425,Justin Cooper,79,Afghanistan,62.49,2024-05-08,2
426,Kylie Hill,52,Myanmar,69.35,2023-10-21,5
427,Robert Craig,41,Uruguay,311.89,2024-05-28,1
428,Megan Fisher,73,Lao People's Democratic Republic,428.19,2023-04-28,8
429,Sarah Shepherd,71,Palau,333.61,2023-12-17,2
430,Bryan Herrera,69,Taiwan,84.83,2024-07-25,6
431,Melissa Hughes,53,Namibia,205.08,2023-10-10,4
432,Peter Brown,23,Tuvalu,14.64,2023-02-22,6
433,Alexandra Evans,55,Saint Lucia,299.77,2024-11-19,7
434,Stephen Lee,64,Liechtenstein,88.53,2024-01-11,5
435,Robert Cooper,42,Namibia,164.14,2023-10-02,6
436,Mark Liu,39,Falkland Islands (Malvinas),420.25,2024-03-15,8
437,Shannon Davis,26,Gambia,65.05,2024-04-20,3
438,Wesley Gardner,75,Thailand,319.65,2023-12-28,10
439,Christian Blanchard,49,Holy See (Vatican City State),130.94,2024-05-26,6
440,Ann Benton,69,Swaziland,329.51,2024-02-06,8
441,Matthew Edwards,39,Singapore,320.96,2023-09-12,2
442,Larry Johnson,72,Afghanistan,23.72,2024-12-02,6
443,Alexis Brown,27,Malta,176.41,2024-03-30,7
444,Laurie Mcclure DVM,68,Lithuania,426.92,2024-08-24,4
445,Rebecca Brooks,22,Grenada,89.14,2023-07-27,4
446,Hector Mason,50,Ethiopia,82.14,2024-01-14,5
447,Annette Hendricks,59,Mayotte,91.08,2023-10-20,5
448,Crystal Keller,33,French Southern Territories,244.98,2023-03-18,4
449,Shirley Phillips,20,Tajikistan,94.93,2023-06-15,8
450,Tammy Diaz,47,Jordan,361.33,2024-03-11,9
451,Stephen Thomas,32,Zimbabwe,86.26,2024-04-28,7
452,Alexandra Kim,41,Cocos (Keeling) Islands,205.34,2024-07-02,3
453,Jenna Elliott,51,Cyprus,199.09,2023-04-24,8
454,Brandy Noble,79,Georgia,247.74,2023-10-26,1
455,Brian Sanders DDS,74,Nepal,130.15,2023-12-16,3
456,William Jones,23,Kuwait,70.29,2025-01-09,8
457,Thomas Perez,28,Heard Island and McDonald Islands,107.69,2024-12-03,9
458,David Carlson,27,Tanzania,126.34,2023-09-28,2
459,William Franco,24,Christmas Island,25.69,2023-05-19,6
460,Melissa Friedman,60,Tajikistan,405.9,2023-10-10,6
461,Amy Gutierrez,72,Gambia,309.29,2023-05-07,7
462,Joseph Hill,45,Turkmenistan,383.52,2024-05-22,9
463,Lisa Grimes,70,Israel,113.53,2024-04-29,1
464,Alicia Luna,74,Georgia,411.29,2023-11-28,1
465,Dustin Snow,35,Saint Vincent and the Grenadines,231.7,2023-04-22,10
466,Kelly Miller,76,Libyan Arab Jamahiriya,186.91,2023-11-16,4
467,Anthony Best,48,Norway,368.75,2023-04-22,9
468,Jessica Brown,44,Mali,157.88,2023-07-25,8
469,Sharon Peterson,75,Anguilla,82.21,2024-07-13,8
470,Joseph Kelly,62,Puerto Rico,238.64,2024-10-22,3
471,Elizabeth Sheppard,54,American Samoa,91.01,2023-08-31,7
472,James Miller,63,Hong Kong,120.76,2024-06-27,1
473,Richard Vargas,31,Denmark,453.21,2024-05-02,7
474,Joseph Carlson,44,Papua New Guinea,147.29,2024-10-27,8
475,Susan Newton,39,Martinique,125.11,2024-07-13,8
476,Brandon Mccoy,36,Netherlands,215.46,2024-07-09,7
477,Monica Davis,61,Saudi Arabia,414.29,2024-02-12,2
478,Charles Nelson,46,Panama,429.34,2023-01-21,2
479,Connie Mathews,33,United States Minor Outlying Islands,84.06,2023-06-30,3
480,Jill Donaldson,48,Cameroon,374.78,2023-05-31,2
481,Brandon Booth,57,Morocco,118.19,2024-02-04,3
482,Janice Martin,73,Niue,470.76,2023-06-23,1
483,Austin Powers,59,Kuwait,213.73,2024-12-23,10
484,Jennifer Murphy,67,Papua New Guinea,24.96,2025-01-06,4
485,Michelle Allen,30,Greece,383.63,2024-11-04,8
486,Angela Cruz,34,Luxembourg,456.2,2023-06-23,10
487,Kenneth Chapman,29,Eritrea,275.85,2024-06-12,2
488,Jasmine Tucker,41,Mauritius,396.02,2024-03-02,9
489,Daniel Smith,48,Saudi Arabia,222.75,2023-06-06,10
490,Faith Hunt,45,Venezuela,470.54,2023-06-15,2
491,Garrett Green,42,Tajikistan,225.88,2023-12-17,10
492,Tyler Butler,43,South Africa,83.77,2023-02-19,6
493,Jeanette Watson,29,Micronesia,493.7,2023-10-09,4
494,Walter Valentine,74,Senegal,36.88,2024-06-19,4
495,Donald Griffith,30,Seychelles,211.18,2024-12-09,3
496,Michael Norman,23,Lithuania,156.39,2023-10-29,9
497,Eric Pitts,24,Monaco,52.59,2024-06-30,5
498,Michelle Williamson,28,Belarus,20.16,2024-11-26,3
499,Lori Gonzalez,25,Swaziland,290.67,2023-10-05,5
500,Brianna Cook,63,Guatemala,277.82,2023-03-11,1
501,Patrick Mckinney,55,Vanuatu,76.67,2024-08-25,10
502,Brittany Taylor,65,Albania,218.28,2023-06-08,4
503,William Spencer,27,Turkey,116.39,2023-10-01,9
504,Angela Wilson,60,Nepal,260.85,2024-09-26,2
505,Taylor Palmer,27,Norway,383.64,2023-08-28,10
506,Jeremy Kemp,59,Greenland,470.33,2024-09-19,9
507,Madison Dorsey,80,Slovenia,212.51,2024-12-19,3
508,Christopher Willis,68,Solomon Islands,214.85,2023-06-08,2
509,Michael Lewis,25,Cameroon,431.83,2024-11-23,7
510,Dawn Landry,33,Seychelles,14.65,2023-11-01,4
511,Lindsey Wright,55,Jamaica,178.77,2023-10-09,5
512,Daniel Gonzalez,27,Finland,29.78,2023-09-09,3
513,Amanda Brown,45,South Georgia and the South Sandwich Islands,247.91,2023-05-07,5
514,Samuel Sutton,26,Greece,190.12,2024-01-02,6
515,Marie Banks,28,Dominican Republic,435.17,2024-06-27,6
516,Jose Lee,70,Bahrain,273.92,2024-12-17,6
517,Kevin Lowery,27,Armenia,158.32,2023-08-28,6
518,John Ramos,47,Cook Islands,434.78,2024-11-21,1
519,Nathaniel Armstrong,65,Uruguay,347.08,2024-02-17,6
520,Elizabeth Donovan,31,Colombia,246.63,2024-06-30,1
521,Steve Miller,71,British Virgin Islands,19.14,2024-07-11,3
522,Paul Burton,51,Montserrat,256.53,2023-02-27,5
523,Jorge Warren,40,Belgium,443.56,2023-09-27,8
524,David Cunningham,34,Dominica,137.68,2024-08-08,3
525,Daniel Barker,74,Antigua and Barbuda,300.51,2023-02-10,3
526,Rhonda Klein,66,Guadeloupe,153.64,2024-02-02,6
527,Jeremy Barker,34,Afghanistan,309.81,2024-01-31,5
528,Christine Pena,68,Somalia,35.2,2024-03-18,10
529,Keith Walters,60,Mozambique,323.27,2023-06-24,8
530,Richard Berg,49,Tokelau,402.73,2023-04-15,10
531,Scott Hughes,70,Anguilla,39.41,2023-10-02,5
532,Marc Bell,59,Congo,494.75,2024-06-26,1
533,Elizabeth Shaw,70,Nigeria,368.55,2024-09-20,7
534,Sarah Howard,79,Singapore,33.98,2023-08-29,8
535,Jennifer Wilson,39,Burundi,486.16,2023-12-13,3
536,Melissa Robertson,59,Mali,97.18,2024-07-10,4
537,Matthew Woodard,25,Bulgaria,79.9,2024-02-22,4
538,Janet Ruiz,65,China,431.8,2025-01-11,5
539,Rachel Chang,54,Denmark,430.49,2024-11-23,9
540,Stephanie Dixon,50,Norway,447.72,2023-08-25,3
541,William Rush,78,Egypt,277.09,2023-01-18,5
542,Nicholas Warner,58,South Africa,181.2,2023-12-23,1
543,Katherine Douglas,18,Singapore,380.46,2023-07-25,8
544,Melissa Mccarty,52,Vietnam,124.3,2024-07-28,4
545,Brandon Warren,38,Palau,346.79,2023-04-04,6
546,Mr. Jonathan Gordon DVM,79,Barbados,367.59,2023-10-11,9
547,Jacqueline Ho,19,Holy See (Vatican City State),33.57,2023-09-02,4
548,Jerry Freeman,48,Comoros,418.42,2024-03-12,7
549,Kayla Robertson,70,Ethiopia,486.65,2023-02-25,2
550,Christopher Nguyen,71,Mauritius,369.6,2023-12-30,1
551,Aaron Snyder,78,Mozambique,437.25,2024-10-07,6
552,Donald Carlson,62,Albania,444.21,2023-12-15,10
553,Joseph Padilla,30,Papua New Guinea,164.63,2023-03-21,5
554,Rose Perez,21,Vanuatu,196.74,2024-02-22,3
555,Danny Russell,63,Mozambique,133.68,2024-10-03,3
556,Matthew Sherman,70,Brazil,100.87,2023-08-15,8
557,Michelle Taylor,20,Colombia,228.8,2023-09-24,1
558,Rebecca Harris,25,Belgium,123.96,2024-12-25,3
559,Adam Mason,18,Philippines,318.1,2023-02-07,10
560,Amanda Mathis,65,Cook Islands,132.64,2024-11-07,2
561,Debra Mitchell,28,Macedonia,309.24,2025-01-10,10
562,Jacqueline Werner,45,Malaysia,103.39,2023-09-07,2
563,Lauren Saunders,35,Malaysia,150.26,2025-01-04,7
564,Keith Rodriguez,63,Trinidad and Tobago,27.19,2023-04-25,1
565,Janice Avery,45,Spain,73.41,2023-06-17,5
566,Thomas Herrera,56,Tajikistan,161.0,2023-07-29,1
567,Marie Washington,52,Albania,83.31,2024-01-16,10
568,Darrell Ibarra,69,Hong Kong,440.31,2024-06-25,2
569,Mrs. Sandy Thompson,77,Argentina,262.12,2023-12-04,9
570,Susan Jones,68,Mauritania,353.69,2023-03-25,8
571,David Love,67,Togo,437.36,2024-01-25,5
572,Wayne Townsend,62,Netherlands,205.15,2024-09-18,2
573,Jonathan Mendoza,69,Korea,487.07,2023-08-27,6
574,Carla Martinez,19,Yemen,488.87,2023-06-18,7
575,Jeremiah Cox,72,Barbados,199.96,2023-06-01,3
576,Curtis Miller,74,Bahamas,223.18,2024-06-07,3
577,Samuel Cruz,59,Somalia,308.01,2023-01-20,9
578,Lisa Aguilar,18,Philippines,421.79,2024-08-24,7
579,Christopher Morrison,28,Oman,392.89,2023-12-15,10
580,Eric Davis,22,Singapore,268.43,2024-07-25,5
581,Austin Porter,77,Guyana,126.43,2025-01-11,2
582,Andrea Warner,66,Austria,278.31,2024-03-15,4
583,Sharon Robertson,46,Wallis and Futuna,89.58,2024-05-21,4
584,Chris Watts,66,Papua New Guinea,400.87,2024-05-18,2
585,Cheryl Harper,69,Thailand,259.83,2023-04-11,3
586,Amber Lopez,33,Swaziland,428.31,2025-01-05,3
587,David Jackson,32,Spain,284.92,2023-10-26,4
588,Mr. Jacob Bowman,38,Pitcairn Islands,352.74,2023-05-03,6
589,Kimberly Madden,73,Bhutan,84.73,2024-12-25,5
590,Angela Lane,19,Tuvalu,53.17,2023-09-27,8
591,Brandy Kline,49,Saint Kitts and Nevis,184.55,2024-12-12,4
592,Katherine Williams,75,Faroe Islands,30.7,2023-04-14,1
593,Robert Goodwin,22,Uzbekistan,226.93,2023-09-14,6
594,Ronald Hubbard,19,Saint Pierre and Miquelon,224.68,2023-10-22,5
595,Donald Flores,34,United States of America,113.73,2023-10-12,8
596,Brian Ingram,36,Greece,167.94,2024-10-01,4
597,Elizabeth Brown,62,Holy See (Vatican City State),119.22,2024-09-21,6
598,Roy Lowe,51,Macedonia,312.13,2024-12-03,5
599,Tammie Johnson,27,Congo,344.23,2023-05-19,7
600,Jacob Craig,66,Mongolia,184.11,2023-08-20,1
601,Jasmine Tran,41,South Africa,181.61,2024-06-10,6
602,Tanner Barber,71,Samoa,45.43,2024-06-02,3
603,Melissa Fuller,25,Mozambique,484.14,2024-02-26,9
604,Zachary Bridges,52,Colombia,267.03,2024-01-26,7
605,Mark Thompson,70,Saint Vincent and the Grenadines,71.31,2023-06-23,5
606,Nicholas Cooper,50,Lebanon,170.84,2023-03-10,6
607,Jose Becker,56,Gabon,184.56,2023-11-05,5
608,James Young,78,Tajikistan,278.2,2023-08-17,8
609,Jamie Erickson,23,Sudan,56.28,2023-05-19,7
610,Brandi Jones PhD,73,Niger,49.92,2023-10-12,3
611,Stephen Moore,52,Grenada,467.11,2024-07-26,10
612,Sharon Cruz,21,Martinique,288.01,2024-03-25,8
613,Marc Curry,23,Zambia,192.9,2023-12-10,4
614,Lori Johnson,39,Jamaica,233.83,2023-11-18,7
615,Barbara Frey,63,Jersey,167.32,2023-09-16,8
616,Mary Baker,22,Saint Martin,261.1,2023-06-26,7
617,Nathaniel Mccarthy,29,Saint Martin,328.89,2024-11-27,8
618,Edward Turner,77,Benin,403.51,2024-12-15,4
619,Joshua Morris,76,Uganda,239.2,2024-12-19,7
620,Thomas Thomas,22,Singapore,183.63,2024-11-03,9
621,Roger Moore,78,Uganda,322.15,2023-04-16,5
622,David Elliott,22,Honduras,359.49,2023-09-01,2
623,Mrs. Kelly Davis,34,Paraguay,64.84,2023-10-06,8
624,Chad Woods,37,Gabon,317.04,2023-12-19,5
625,Isabella Barnes,23,Saint Martin,299.67,2024-04-09,5
626,James Parrish,43,Armenia,100.58,2024-01-18,9
627,Suzanne White,42,Cook Islands,288.0,2024-08-09,7
628,John Rodriguez,35,Uruguay,303.49,2024-01-17,8
629,Michelle Robinson,28,Malaysia,462.68,2024-07-13,10
630,Brittany Ramirez,61,Papua New Guinea,392.66,2024-01-23,6
631,James Rodriguez,71,Cape Verde,105.81,2023-07-12,10
632,Laura Martinez,63,Seychelles,471.11,2024-01-07,1
633,Crystal Castillo,76,Uganda,158.0,2023-01-20,4
634,Caitlin Brown,19,Austria,282.28,2023-11-07,1
635,Aaron Chan,75,Somalia,344.17,2024-11-08,7
636,Christopher Jackson,65,Philippines,349.33,2024-08-24,6
637,Amanda Wallace,68,Gambia,296.93,2023-10-05,3
638,John Martinez,61,Swaziland,357.61,2023-09-12,3
639,Mr. Julian Taylor DDS,78,Dominica,277.33,2024-07-21,2
640,Kathryn Smith,78,Cocos (Keeling) Islands,301.33,2023-06-11,6
641,John Short,27,Croatia,354.77,2024-05-03,3
642,Laurie Page,47,Latvia,223.46,2024-07-02,8
643,Deanna Kim,59,Ecuador,465.1,2023-09-23,6
644,Jordan Williams,23,Armenia,471.94,2023-08-16,1
645,Erin Arnold,41,Latvia,174.02,2024-05-04,2
646,Elizabeth Collins,21,Sierra Leone,350.19,2023-04-18,5
647,Jessica Phillips,21,Guatemala,111.71,2023-05-17,7
648,Justin Brown,53,Guyana,227.06,2024-10-13,4
649,Kathryn Schmidt,46,Mali,321.52,2025-01-06,10
650,Gina Moran,72,Guinea-Bissau,393.08,2023-09-02,5
651,Victor Jackson,72,Czech Republic,412.12,2024-05-03,10
652,Willie Perez,73,South Georgia and the South Sandwich Islands,58.53,2023-02-18,7
653,April Stanton,56,Tunisia,221.38,2023-08-19,10
654,Carrie Mason,42,Iraq,353.22,2023-10-01,6
655,Brandon Case,56,United States Virgin Islands,374.29,2024-06-30,6
656,Ariana Nelson,32,Tokelau,220.88,2024-06-22,9
657,Jeffrey Bowman,56,Guyana,169.93,2024-08-10,6
658,Robert Sanders,67,Brazil,390.86,2023-06-07,2
659,Melissa Williams,35,Seychelles,42.98,2024-02-01,2
660,Marc Myers,33,Lebanon,192.69,2024-02-06,2
661,Susan Atkins,55,Venezuela,308.79,2023-05-02,2
662,Jennifer Pena,21,Ethiopia,258.2,2025-01-14,7
663,Amy Smith,43,Lebanon,358.72,2024-03-29,5
664,Kimberly Hunter,40,Guadeloupe,445.67,2023-06-01,7
665,Anne Chang,38,Sweden,325.7,2024-11-05,5
666,Jerry Murphy,39,Netherlands Antilles,384.1,2024-10-20,8
667,Randy Johnston,73,Gambia,232.18,2024-05-19,2
668,Matthew Thomas,29,Bouvet Island (Bouvetoya),281.6,2023-11-02,8
669,Brent Harris,50,Svalbard & Jan Mayen Islands,185.85,2023-04-27,7
670,Meredith Doyle,65,Czech Republic,351.5,2024-07-17,4
671,Jennifer Martin,69,Iraq,428.32,2024-04-25,2
672,Heather Garcia,53,Hong Kong,41.41,2024-01-03,4
673,Matthew Allen,56,Chad,262.58,2023-10-09,10
674,Lisa Escobar,56,Saint Pierre and Miquelon,238.82,2023-10-24,10
675,Kimberly Singleton,74,Sierra Leone,298.72,2024-06-27,1
676,Derek Boyd,44,Pakistan,31.66,2023-02-28,10
677,Julian Wilson,69,Romania,68.73,2023-11-08,7
678,Martin Anderson,27,Somalia,123.27,2024-03-02,6
679,Charles Clarke,71,Thailand,147.28,2024-02-13,4
680,Brenda Meza,25,Ireland,275.87,2023-05-26,4
681,Theodore Acosta,23,Sri Lanka,288.97,2023-03-28,7
682,Dr. Christopher Bowman,56,Hungary,110.61,2024-07-29,8
683,Jacqueline Blanchard,40,Faroe Islands,375.04,2024-07-08,9
684,Deanna Francis,40,New Zealand,161.65,2024-01-02,10
685,Nicholas Curtis,31,Czech Republic,47.34,2024-10-04,5
686,Joseph Reed,48,Bhutan,223.1,2023-03-19,1
687,Alexis Gomez,61,Jamaica,347.02,2024-12-08,5
688,Erica Miranda,18,Wallis and Futuna,186.55,2023-11-30,8
689,Jose Kaiser,46,Mexico,268.52,2023-12-18,5
690,Justin Sullivan,80,Chad,55.04,2023-05-08,5
691,Dana Soto,66,Senegal,301.39,2023-07-24,4
692,Terry Meyers,51,Croatia,65.51,2023-06-27,7
693,Alexander Marsh,66,Korea,325.25,2024-12-06,2
694,Mary Rodriguez,71,Jamaica,115.39,2024-10-07,8
695,Michael Church,70,Nicaragua,439.23,2023-03-10,8
696,Connie Gaines,31,Greece,256.33,2024-05-02,10
697,Chad Chan,24,Kuwait,61.12,2023-07-23,4
698,Jose Lee,26,Nepal,41.39,2024-03-31,7
699,Joe Smith,35,Chile,87.5,2023-11-19,5
700,John Clark,23,Chad,305.9,2023-04-12,7
701,Tiffany Navarro,52,Uganda,458.51,2024-07-23,5
702,Hannah Small,57,Togo,404.74,2023-06-01,9
703,Lori Kaufman,70,Nicaragua,188.37,2023-04-12,9
704,Isaiah Carrillo,41,Germany,92.31,2023-11-12,7
705,Edward Potter,74,Malawi,330.97,2023-06-02,3
706,Bianca Hardy,20,Myanmar,50.11,2023-01-17,8
707,Linda Sanchez,57,Sri Lanka,472.15,2023-01-29,3
708,Ashlee Guzman,72,Oman,36.72,2024-01-05,6
709,Crystal Wilson,51,Rwanda,484.71,2023-10-16,8
710,Christopher Callahan,75,Malawi,227.4,2023-12-19,4
711,Melissa Carter,50,Congo,309.76,2023-05-13,5
712,Tamara Johnson,35,Guadeloupe,82.37,2023-06-14,5
713,Nicole Rose,44,Costa Rica,146.1,2023-10-16,3
714,Mr. Christian Vega,33,Nicaragua,499.66,2023-09-09,4
715,Timothy Lucas,76,Jordan,178.59,2023-06-23,9
716,Ronald Thomas,44,Slovakia (Slovak Republic),478.47,2024-12-14,8
717,Omar Li,71,American Samoa,124.86,2025-01-05,8
718,Sherry Gonzalez,68,Slovenia,438.07,2023-03-03,5
719,Veronica Wong,23,French Polynesia,34.28,2023-05-12,5
720,Brittany Dillon,23,Cuba,162.02,2023-10-12,7
721,Jennifer Soto,54,Cayman Islands,397.65,2024-09-10,10
722,Caitlin Nelson,48,Norway,434.08,2023-01-22,5
723,Kenneth Fernandez,61,South Georgia and the South Sandwich Islands,287.21,2023-08-24,4
724,Christine Frost,58,Canada,164.09,2024-10-05,4
725,Nicholas Fields,73,Niger,277.54,2023-09-05,7
726,Allison Dean,43,Zimbabwe,425.37,2024-03-03,2
727,Cheyenne Clark,43,India,172.05,2023-12-11,1
728,Sergio Banks,23,Sweden,326.84,2024-02-18,4
729,Ann Hill,80,Ecuador,351.42,2024-05-29,3
730,Dr. Kelly Carpenter MD,78,Equatorial Guinea,405.06,2023-04-20,2
731,Susan Graves,80,Uganda,95.11,2024-09-20,6
732,Tracy Blankenship,73,Oman,489.6,2023-10-31,5
733,Stephanie Peterson,68,Nauru,366.91,2023-10-22,4
734,Jamie Johnson,49,Bhutan,240.3,2023-09-05,10
735,Barbara Morse,36,Cameroon,137.73,2024-01-17,2
736,Angela Rojas,60,Tokelau,313.07,2024-11-05,1
737,Gregory Porter,31,Benin,171.81,2023-06-05,3
738,Eric Wright,65,Gabon,467.9,2023-07-07,3
739,Isaac Ramirez,34,South Africa,277.18,2024-10-29,8
740,Caitlin Adams,36,Palau,160.67,2023-01-30,10
741,Joy Kidd,24,Botswana,254.59,2024-08-23,10
742,Dr. Marcus Jones,69,Philippines,235.44,2024-09-28,6
743,Maria Ellis,77,Dominican Republic,475.46,2024-02-08,6
744,Timothy Carson,77,Cayman Islands,194.72,2023-04-16,7
745,Jacob Hernandez,24,Bahamas,24.8,2023-05-04,1
746,Ana Heath,44,Mauritania,208.93,2024-11-04,9
747,Sheila Johnson,27,Poland,146.52,2024-03-06,1
748,Ann Garcia DVM,51,Cameroon,214.98,2025-01-07,10
749,Steven Atkinson,28,Norfolk Island,197.09,2023-02-14,6
750,Adrienne Stanley,50,Macao,353.44,2023-01-23,7
751,Jason Miller,61,Uzbekistan,221.74,2023-02-02,2
752,Joshua Hayes,54,Martinique,202.56,2023-05-25,7
753,Jason Cooper,29,Macedonia,48.22,2024-03-13,2
754,Kevin Burch,58,Colombia,407.02,2024-08-08,7
755,William Soto,50,Antarctica (the territory South of 60 deg S),93.69,2023-07-21,4
756,Amanda Soto,77,Liechtenstein,463.18,2023-11-12,10
757,Laura Williams,18,Canada,490.73,2023-05-07,7
758,Donald Montgomery,77,Vietnam,180.15,2024-09-11,5
759,Mathew Burton,63,Lesotho,263.83,2024-05-15,8
760,Kathy Martinez,29,Sao Tome and Principe,196.71,2023-09-24,10
761,Jeremy Sims,70,South Africa,419.24,2024-10-12,8
762,Mallory James,31,Latvia,220.5,2023-06-13,2
763,David Brown,37,Colombia,82.51,2023-10-27,3
764,Brian Raymond,63,Chad,363.05,2023-07-01,9
765,David Phillips,22,Poland,353.91,2023-10-21,3
766,Anita Wolfe,30,Palestinian Territory,108.16,2023-10-22,6
767,Madison Edwards,61,Mali,74.82,2023-03-25,4
768,Joseph Hughes,52,Peru,211.96,2024-10-28,8
769,Corey Schneider,37,Comoros,94.53,2024-08-15,1
770,Michael Martin,79,Oman,69.74,2023-06-23,7
771,Christy Lindsey,49,Greenland,201.82,2023-08-26,9
772,Antonio Hicks,25,Albania,448.02,2023-11-02,2
773,Sean Jenkins,35,Montenegro,343.62,2025-01-03,3
774,James Owen DDS,22,Heard Island and McDonald Islands,113.45,2023-07-05,6
775,Heather Herrera,22,Chad,377.29,2024-11-23,2
776,Mathew Ingram,42,China,80.87,2023-06-03,5
777,Kathryn Weaver,55,Botswana,265.2,2023-03-11,1
778,James Rodriguez,53,Antigua and Barbuda,165.87,2025-01-10,8
779,Justin Morton,36,Nepal,498.59,2023-08-20,1
780,Stacy Martin,22,Cuba,178.87,2023-03-12,5
781,Mr. Mark Harris MD,59,Singapore,486.58,2023-07-07,10
782,Amy Mora,60,Iran,431.24,2024-04-04,3
783,Sarah White,49,Sudan,317.1,2023-05-04,10
784,Eric Hunt,72,Jamaica,117.03,2024-02-12,2
785,Rita Jackson,38,South Georgia and the South Sandwich Islands,141.66,2024-01-05,1
786,Andrea Espinoza,72,Sudan,234.09,2024-03-11,6
787,Jennifer Nelson,53,India,424.59,2024-08-26,9
788,Christie Chambers,41,New Caledonia,267.34,2024-07-31,4
789,Christine Lee,65,Nicaragua,174.9,2023-10-30,4
790,Jonathan Sherman,64,Switzerland,224.53,2024-04-05,2
791,Erik Rodriguez,18,Sudan,42.13,2023-01-17,6
792,Nicholas Carter,28,Brunei Darussalam,185.24,2024-11-29,2
793,Lisa Pearson,26,Jordan,431.83,2023-12-08,10
794,Jessica Hendricks,59,Myanmar,454.76,2023-03-29,2
795,Leslie Mendoza,60,United States Minor Outlying Islands,71.89,2023-06-30,8
796,Debra Alvarez,40,Saint Vincent and the Grenadines,232.98,2024-07-08,10
797,Thomas Williamson,73,Aruba,494.31,2024-06-24,3
798,Kenneth Hawkins,70,Nauru,334.59,2023-09-24,5
799,Margaret Walsh,59,Syrian Arab Republic,453.87,2024-07-16,6
800,Deborah Pittman,64,Netherlands,38.51,2023-04-26,10
801,Jorge Campbell,45,Yemen,114.45,2024-09-23,6
802,Elizabeth Huang,38,Malta,371.3,2023-01-28,7
803,Jake Shea,33,Canada,270.04,2024-08-05,10
804,Kevin Barry,68,Uruguay,53.31,2023-03-11,5
805,Carla Harris,29,Antigua and Barbuda,105.8,2023-04-05,10
806,Ernest Williams,35,Bahamas,118.96,2023-05-30,1
807,David Hensley,78,Western Sahara,458.68,2023-04-19,5
808,Kevin Harris,73,Bangladesh,202.08,2024-08-16,9
809,Donald Clark,29,Monaco,43.68,2024-02-03,9
810,Nicole Douglas,44,Guyana,283.31,2024-04-11,9
811,Carla Williams,61,Cook Islands,346.87,2023-10-31,8
812,Judy Johnson,78,Georgia,210.56,2024-05-13,6
813,Madison Flores,51,Romania,450.98,2024-10-10,8
814,William Blake,32,Lebanon,159.28,2025-01-09,4
815,Michelle Fuentes,61,Somalia,191.4,2024-04-03,9
816,Christopher Lloyd,53,Bahrain,80.34,2024-11-20,5
817,Scott Conley,72,Cuba,220.19,2023-04-01,1
818,Kelsey Snyder,39,Turks and Caicos Islands,159.34,2023-08-23,3
819,Joseph Orr,59,Cameroon,44.32,2024-06-09,4
820,Kimberly Vasquez,40,Morocco,324.37,2023-06-30,8
821,Ryan Bell,35,Gabon,365.77,2024-02-04,6
822,Michael Farmer,45,United Kingdom,250.89,2024-06-16,5
823,Susan Scott,52,Fiji,51.99,2024-07-11,9
824,Duane Morgan,48,Maldives,440.37,2024-01-09,9
825,Stacy Crawford,37,Sweden,298.67,2024-09-27,1
826,Nathan Benjamin,74,Saint Kitts and Nevis,113.43,2024-02-02,1
827,Rachel Reeves,41,Benin,177.02,2024-07-12,10
828,Terry Silva,65,Jersey,360.47,2024-04-25,10
829,Ashley Solis,56,Portugal,490.98,2023-07-06,7
830,David Davis,79,Bhutan,48.13,2024-01-31,7
831,Jason Peters,39,Mauritania,353.21,2024-08-08,8
832,Daniel Byrd,51,Romania,327.41,2024-04-28,8
833,Bonnie Henderson,58,Australia,201.89,2024-08-23,7
834,Brian Little,55,Montserrat,352.33,2024-11-07,5
835,Zachary Lane,37,San Marino,195.94,2024-03-08,4
836,Elizabeth Wang,30,British Virgin Islands,442.48,2023-08-12,4
837,Mitchell Williams,57,Poland,402.7,2023-01-20,10
838,Regina Becker,26,Algeria,47.6,2023-09-01,6
839,Oscar Mcintosh,34,Togo,32.32,2024-02-26,2
840,Tyler Cooper,27,Romania,103.75,2023-08-15,5
841,Ashley Acevedo,68,Brazil,244.61,2024-04-04,5
842,Jose Sims,33,Qatar,59.91,2024-05-09,6
843,Caleb Ford,61,Bouvet Island (Bouvetoya),468.78,2023-10-14,10
844,Kayla Lane,40,Sri Lanka,44.66,2023-03-28,8
845,Veronica Bradshaw,55,Israel,267.96,2024-11-22,10
846,Regina Rodriguez,18,Costa Rica,397.16,2024-11-20,1
847,Misty Wong,23,Slovenia,315.37,2025-01-15,5
848,Mary Johnson,72,Northern Mariana Islands,161.07,2024-11-17,5
849,Marcus Lawson,19,Vanuatu,423.51,2024-08-20,8
850,Elijah Bishop,45,Mozambique,53.67,2023-03-24,5
851,Patrick Brooks,20,Sri Lanka,436.62,2023-09-24,9
852,Allen Velasquez,58,Paraguay,429.86,2023-08-01,8
853,John Coleman,71,Japan,320.02,2023-11-22,9
854,Edward Rodriguez,63,Bahamas,379.5,2023-03-04,7
855,Krystal Ponce,54,Guyana,74.43,2024-06-24,4
856,Reginald Stevenson,45,Mayotte,440.98,2024-10-17,3
857,Sean Brown,57,Haiti,202.66,2023-07-03,3
858,Mr. Kevin Reynolds DDS,43,Croatia,398.9,2024-05-08,8
859,Russell Good,20,El Salvador,165.66,2024-05-13,10
860,Chelsea Gray,60,Heard Island and McDonald Islands,407.44,2024-09-13,2
861,Calvin Lewis,60,Qatar,208.4,2023-09-30,2
862,William Wilson,25,Western Sahara,163.84,2024-11-07,3
863,David Shaw,55,French Polynesia,487.41,2023-10-04,1
864,Julie Ware,35,Palau,73.88,2023-08-02,4
865,Dominique Walker,64,Macedonia,68.44,2023-12-28,5
866,Julia Nguyen,31,Heard Island and McDonald Islands,364.51,2023-05-09,9
867,Danielle Hendricks,51,Bangladesh,337.93,2024-07-12,3
868,Joseph Hudson,44,Somalia,467.27,2024-04-01,1
869,Donald Dean,56,Bangladesh,374.06,2024-12-19,7
870,Laura Smith,35,Cocos (Keeling) Islands,89.8,2023-08-29,10
871,Donald Garrett,51,Kenya,341.06,2024-07-30,5
872,Brandon Higgins,51,Mozambique,404.28,2023-01-27,7
873,Katie Wilson,40,Comoros,234.92,2023-08-07,4
874,Gary Ramirez,32,Taiwan,52.19,2023-02-13,9
875,Cynthia Jenkins,75,Heard Island and McDonald Islands,199.01,2024-01-24,5
876,Carmen Hunt,62,Aruba,250.35,2024-02-07,7
877,Gary Clark,51,Dominica,360.43,2023-07-28,9
878,Richard Taylor,68,Antigua and Barbuda,27.85,2023-12-26,1
879,Christopher Rice,36,Micronesia,469.46,2023-05-25,6
880,Brandon Scott,78,Kazakhstan,184.3,2024-12-15,8
881,Samantha Miles,70,Madagascar,365.64,2024-12-18,3
882,Jessica Jones,49,Saint Martin,438.43,2023-12-27,5
883,Bethany Clark,75,Papua New Guinea,477.33,2024-08-19,8
884,Jessica Jackson,40,Chad,443.9,2024-01-30,5
885,Mark Jones,36,Cook Islands,128.7,2024-06-08,7
886,Victoria Krueger,19,Estonia,63.66,2023-04-17,3
887,Steven Berg,25,Cayman Islands,479.31,2023-04-01,9
888,Marc Jackson,80,Denmark,331.66,2023-10-14,4
889,George Jackson,27,Saint Kitts and Nevis,367.73,2023-10-19,7
890,Beth Khan,54,Nicaragua,14.63,2024-04-13,5
891,Brooke Knox,24,Aruba,274.46,2024-01-07,9
892,Matthew Alvarez,43,Sri Lanka,345.22,2024-03-10,9
893,Michael Tucker,55,Albania,277.78,2024-05-20,8
894,Alyssa Lane,34,Jordan,477.4,2024-02-09,1
895,Troy Marshall,73,Bulgaria,314.73,2024-01-22,10
896,Jocelyn Steele,32,Italy,233.08,2023-07-25,8
897,Amber Brooks,32,Norway,328.93,2024-06-15,2
898,Tony Evans,48,Zimbabwe,70.48,2024-10-14,1
899,Thomas Lawrence,21,Australia,332.6,2024-06-04,8
900,Carl Reeves,26,Sri Lanka,133.57,2023-12-27,2
901,Brittney Jackson,37,Oman,436.68,2024-07-24,1
902,Timothy Goodman,40,Kuwait,220.91,2024-04-05,8
903,Eric Haney,48,Belgium,248.98,2023-04-12,7
904,Laura Campbell,65,Honduras,200.09,2023-07-30,10
905,Elizabeth Lewis,42,Serbia,253.92,2024-11-02,5
906,Kim Collins,80,Guadeloupe,275.48,2024-07-27,8
907,Ellen Edwards,42,Madagascar,493.56,2023-12-23,6
908,Thomas Kidd,32,Myanmar,231.93,2023-04-06,1
909,Benjamin Malone,55,Gabon,218.84,2023-11-08,6
910,Michael Moody,70,Saint Pierre and Miquelon,165.83,2023-01-25,9
911,Julie Roberts,80,Bangladesh,254.26,2023-03-08,3
912,Christopher Reed,33,Fiji,427.5,2024-11-15,6
913,Wendy Reyes,30,Lao People's Democratic Republic,152.01,2023-04-30,10
914,Amanda Collier,57,Saint Martin,99.52,2024-09-22,9
915,Michael Meyer,79,French Guiana,69.32,2023-08-26,6
916,Laura Roy,52,Central African Republic,182.76,2023-02-12,3
917,Mark Peterson,24,Peru,66.75,2024-10-24,4
918,Charles Ruiz,50,Nigeria,392.71,2024-02-21,1
919,Brianna Hamilton DDS,80,Maldives,383.86,2024-10-29,9
920,William Hernandez,78,Egypt,407.7,2023-05-20,1
921,Julie Stafford,65,Congo,440.13,2023-05-27,4
922,Julia Rivas,74,Ukraine,466.95,2024-01-19,4
923,James Edwards,46,Italy,119.41,2023-03-27,6
924,Tyler Thornton,18,Bhutan,416.12,2023-04-15,2
925,Ronald Cook,53,British Virgin Islands,255.34,2024-02-22,7
926,Ricardo Charles,58,Bouvet Island (Bouvetoya),404.86,2024-08-31,3
927,Sarah Scott,38,Turkey,267.05,2023-05-17,8
928,Karen Petty,37,Jersey,381.23,2023-04-10,5
929,Dustin Hopkins,59,Cayman Islands,381.21,2023-12-25,1
930,Tricia Flores DDS,74,Vanuatu,483.67,2023-11-24,10
931,Jaime Curry,76,Panama,315.31,2023-09-06,1
932,Andrew Joseph,73,Macao,277.05,2023-06-18,1
933,Tonya Lee,59,Jamaica,431.83,2025-01-05,7
934,Kaitlyn Lopez,64,Seychelles,454.95,2023-01-26,4
935,Samantha Sims,18,Latvia,155.53,2023-05-27,9
936,Angela Allen,73,Egypt,104.51,2023-06-10,10
937,Suzanne Bryan,77,Burkina Faso,311.54,2024-04-13,4
938,Angel Stone,62,Liberia,423.46,2024-05-24,6
939,Hannah Blackburn,25,British Indian Ocean Territory (Chagos Archipelago),17.12,2024-11-21,7
940,Katie Dyer,18,Rwanda,145.06,2024-10-20,2
941,Benjamin Curtis,33,Guinea,385.68,2023-08-15,1
942,Shirley Burns,59,Belize,241.4,2024-08-02,1
943,Amy Davis,74,Tajikistan,27.57,2024-11-08,8
944,Susan Carter,54,United Kingdom,288.41,2024-01-27,1
945,John Rice,30,Poland,43.89,2024-12-02,7
946,Dr. Mark Keller,56,Timor-Leste,212.55,2023-08-09,8
947,Michele Powell,22,Turkey,191.1,2023-12-16,2
948,Victor Howard,41,Martinique,491.84,2024-02-27,3
949,Heather Newton,25,Seychelles,432.69,2023-02-15,5
950,Mrs. Becky Wilson DVM,30,South Georgia and the South Sandwich Islands,161.87,2024-04-26,1
951,William Gonzalez,46,Antigua and Barbuda,32.21,2024-06-13,10
952,Mr. George Garner,39,Saint Martin,10.88,2023-10-07,2
953,Susan Berg,73,Libyan Arab Jamahiriya,468.98,2023-02-16,3
954,Richard Jackson,22,Hong Kong,413.83,2024-01-10,5
955,Christian Rodriguez,33,Kazakhstan,207.51,2023-09-06,9
956,Amanda Smith,37,Benin,456.64,2024-06-24,5
957,Rachel Walls,53,Western Sahara,409.08,2024-05-09,1
958,Travis Navarro,79,Saudi Arabia,187.14,2023-09-06,10
959,Daryl Ramirez,27,Bouvet Island (Bouvetoya),493.97,2023-08-15,4
960,Eric Mendoza,59,Belarus,156.09,2023-09-03,7
961,Nathan Lopez,79,Bahrain,84.29,2024-03-04,3
962,Ashley Washington,31,Andorra,343.65,2024-03-24,4
963,Ronald Jones,42,Sierra Leone,251.77,2024-01-27,5
964,Brandon Dennis,26,Guernsey,357.99,2024-08-05,4
965,James Le,80,Marshall Islands,372.99,2023-06-16,7
966,Christine Chaney,19,Angola,58.99,2024-01-01,1
967,Barry Carter MD,24,Palestinian Territory,334.94,2023-01-20,10
968,Christina Fox,53,Gabon,374.26,2024-05-26,2
969,Charles Perez,41,Sri Lanka,106.49,2023-11-14,1
970,Brian Smith,19,Cayman Islands,181.1,2023-05-04,6
971,Stephen Baxter,72,Niue,211.35,2024-03-14,4
972,Lydia Andrade,30,Australia,122.27,2023-03-04,8
973,Robert Hill,64,Central African Republic,196.15,2023-05-25,8
974,Joshua Gutierrez,69,Kazakhstan,85.13,2024-08-29,8
975,Daniel Wright,60,Sudan,400.2,2023-11-25,1
976,Chad Floyd,74,Vietnam,226.41,2024-01-09,1
977,Mathew Baker,30,Turkey,68.67,2024-12-02,1
978,Pamela Kirby,78,Singapore,179.31,2024-01-25,1
979,Cory Hernandez,33,United Arab Emirates,160.51,2023-10-19,1
980,William Ingram,49,Egypt,110.81,2023-10-11,2
981,Julie Barry,72,San Marino,104.02,2023-07-09,2
982,Mark Johnson,18,Honduras,65.1,2023-09-21,1
983,Meredith Morrow,26,Singapore,445.78,2024-05-12,5
984,William Carter,22,Norway,72.45,2024-08-17,2
985,Michael Moore,20,Latvia,449.93,2024-11-02,2
986,Christopher Hamilton DVM,33,United Arab Emirates,99.05,2023-02-14,6
987,Peter Romero,42,Nigeria,284.74,2023-08-27,7
988,Doris Taylor,45,Canada,58.57,2023-04-18,1
989,Michelle Swanson,76,Trinidad and Tobago,383.14,2024-03-17,4
990,Keith Miller,34,Bosnia and Herzegovina,180.23,2024-08-07,10
991,Sean Taylor,38,Zimbabwe,316.06,2023-11-02,6
992,Dana Bradshaw,66,Tanzania,408.71,2023-11-07,5
993,Juan Brown,33,Namibia,473.81,2023-05-28,2
994,Daniel Romero,23,Belize,375.21,2023-11-21,8
995,Olivia Williams,23,El Salvador,95.43,2024-01-05,3
996,Timothy Scott,36,Bouvet Island (Bouvetoya),125.24,2023-01-17,2
997,Daniel Walker,66,Tanzania,124.32,2024-05-20,7
998,Kathryn Young,44,Denmark,246.41,2024-01-13,2
999,Elizabeth Bowen,41,Tonga,261.5,2024-08-12,4
1000,Aaron Beasley II,39,Yemen,85.8,2024-11-23,9
